{
  "gru_attention_reg": {
    "RMSE": 0.028069076788319873,
    "R2": 0.6473296172642602
  },
  "lstm_attention_reg": {
    "RMSE": 0.03393367760294689,
    "R2": 0.4845641867819226
  },
  "transformer_reg": {
    "RMSE": 0.027033030478978662,
    "R2": 0.6728836888916752
  },
  "tcn_reg": {
    "RMSE": 0.05308335497455113,
    "R2": -0.26133212972194486
  },
  "patchtst_like_reg": {
    "RMSE": 0.03301183742215758,
    "R2": 0.512188395898072
  },
  "tft_lite_reg": {
    "RMSE": 0.034219485000892634,
    "R2": 0.4758450756777355
  },
  "attn_lstm_cnn_reg": {
    "RMSE": 0.05692478221217173,
    "R2": -0.45049249934931646
  }
}